19990105,6310.41,6310.41,6111.64,6152.43,3.437015943,-2.503482341
19990112,6429.54,6441.79,6357.11,6363.89,0.20993449,-1.021068381
19990118,6436.17,6477.44,6377.25,6377.25,-5.394801835,-0.91545127
19990125,6142.73,6161.8,6018.98,6033.21,-0.578299114,-1.782920623
19990130,5949.45,6076.41,5949.45,5998.32,-8.727943824,0.821420467
19990205,5506.55,5625.65,5422.66,5474.79,10.91439124,-0.576767668
19990220,6040.57,6086.76,5977.01,6072.33,4.054292175,0.525778196
19990226,6256.8,6318.52,6225.94,6318.52,1.021916525,0.986446746
19990305,6426.21,6457.94,6339.99,6383.09,0.841441998,-0.671002037
19990311,6532.78,6537.35,6436.8,6436.8,7.118599304,-1.469206065
19990318,6834.74,6895.01,6791.91,6895.01,-0.081073124,0.881818474
19990324,6877.49,6931.9,6845.8,6889.42,-0.111765577,0.173464447
19990331,6882.81,6936.72,6839.95,6881.72,3.693408043,-0.015836555
19990407,7190.57,7190.57,7110.59,7135.89,3.682231649,-0.76044041
19990414,7390.61,7445.37,7383.88,7398.65,3.09637569,0.10878669
19990420,7580.39,7671.48,7539.1,7627.74,-1.017470443,0.624638046
19990427,7664.42,7664.42,7527.1,7550.13,0.50211056,-1.49117611
19990504,7433.52,7588.04,7433.52,7588.04,-1.496961007,2.078692194
19990511,7530.27,7584.57,7474.25,7474.45,1.676511315,-0.741274881
19990517,7627.3,7705.63,7587.76,7599.76,-0.151715317,-0.361071415
19990524,7629.71,7644.97,7538.52,7588.23,-2.220939534,-0.543664176
19990529,7447.29,7483.93,7398.68,7419.7,2.301171206,-0.370470332
19990604,7613.15,7628.14,7576.98,7590.44,5.353049362,-0.298299653
19990610,7993.61,8058.18,7985.48,7996.76,3.471405919,0.039406476
19990617,8155.44,8290.25,8155.44,8274.36,-0.101518426,1.4581678
19990625,8469.12,8497.6,8251.65,8265.96,3.60018679,-2.398832464
19990703,8655.11,8710.71,8538.14,8563.55,-0.155075874,-1.05787217
19990709,8624.38,8663.06,8538.82,8550.27,-13.31759114,-0.859308147
19990716,7987.26,8024.19,7402.53,7411.58,3.603685044,-7.207477909
19990722,7743.42,7798.94,7675.25,7678.67,-4.158272201,-0.836193827
19990729,7513.08,7513.08,7343.58,7359.37,-3.377598898,-2.045898619
19990804,7181.08,7274.66,7105.91,7110.8,2.233222703,-0.978682872
19990810,7051.33,7269.6,7030.26,7269.6,11.19497634,3.095444406
19990817,8006.3,8101.41,7924.01,8083.43,0.452159541,0.963366349
19990823,8168.77,8193.76,8086.27,8119.98,-0.598769948,-0.597274743
19990830,8054.83,8159.56,8041.42,8071.36,-0.077434286,0.205218484
19990904,8187.49,8215.51,8015.41,8065.11,1.194652026,-1.494719383
19990910,8085.36,8175.36,8085.36,8161.46,-2.996277627,0.941207318
19990917,7987.74,8043.51,7903.3,7916.92,-3.807920252,-0.886608728
19990929,7515.48,7615.45,7415.58,7615.45,-0.767387351,1.330187826
19991005,7743.72,7763.61,7545.72,7557.01,3.683467403,-2.411115071
19991012,7658.21,7840.57,7658.21,7835.37,-1.150041415,2.313334317
19991018,7804.8,7818.6,7726.62,7745.26,-0.831347172,-0.762863879
19991025,7583.7,7680.87,7570.71,7680.87,2.265107989,1.281300684
19991030,7778.45,7859.55,7766.62,7854.85,-4.66705284,0.982200824
19991105,7466.63,7498.19,7404.31,7488.26,0.587052266,0.289688923
19991111,7464.99,7549.29,7464.99,7532.22,3.167592025,0.90060402
19991119,7787.2,7858.4,7756.34,7770.81,1.720798733,-0.210473598
19991125,7919.68,7933.82,7808.92,7904.53,-1.243211171,-0.191295608
19991202,7802.83,7872.58,7773.75,7806.26,0.060976703,0.04395841
19991208,7826.85,7910.76,7798.92,7811.02,0.625654524,-0.202252503
19991215,7832.26,7895.22,7831.87,7859.89,0.946196448,0.352771741
19991221,7803.93,7946.05,7803.93,7934.26,6.485544966,1.670055985
19991228,8451.72,8480.5,8376.29,8448.84,7.737866973,-0.034075904
20000110,8918.6,9126.02,8891.79,9102.6,0.975215872,2.063104075
20000115,9155.74,9210.37,9105.02,9191.37,0.702506808,0.389154782
20000121,9170.41,9305.27,9170.41,9255.94,4.764183865,0.932673675
20000128,9600.45,9753.72,9600.45,9696.91,3.720360403,1.004744569
20000210,10008.38,10098.3,9957.66,10057.67,1.437012747,0.492487296
20000217,10089.89,10267.46,10089.89,10202.2,-5.488424065,1.113094394
20000223,9738.19,9803.81,9623.46,9642.26,-1.020922481,-0.985090659
20000302,9757.08,9781.27,9543.58,9543.82,-1.61706738,-2.185694901
20000308,9402.7,9482.18,9379.29,9389.49,-7.98190317,-0.140491561
20000315,8794.3,8905.82,8638.24,8640.03,4.969427189,-1.754204428
20000322,9009.25,9201.15,8908.32,9069.39,8.118517342,0.667536143
20000329,9852.48,9914.14,9794.48,9805.69,1.668317069,-0.474905811
20000406,10225.77,10328.98,9969.28,9969.28,-0.580683861,-2.508270771
20000412,10067.27,10149.32,9909.03,9911.39,-6.097631109,-1.548384021
20000418,9220.96,9389.35,9220.96,9307.03,-4.146435544,0.933416911
20000425,8711.68,8923.27,8672.41,8921.12,-3.165185537,2.40412871
20000502,8836.83,8838.78,8636.27,8638.75,-0.261264651,-2.241527788
20000508,8669.47,8742.69,8538.5,8616.18,-1.754373748,-0.614685788
20000515,8639.94,8639.94,8461.27,8465.02,4.197627413,-2.024551096
20000520,9093.14,9167.78,8700.19,8820.35,-2.957819134,-2.999953811
20000526,8397.01,8578.32,8386.37,8559.46,3.785168691,1.934617203
20000602,8979.78,9026.86,8880.98,8883.45,1.724667781,-1.07274343
20000609,9113.07,9136.75,9011.2,9036.66,-2.263114912,-0.838466071
20000616,8852.32,8893.59,8791.67,8832.15,-0.683638752,-0.227849874
20000622,8623.4,8771.77,8616.85,8771.77,-7.420167195,1.720551059
20000629,8433.9,8440.84,8112.08,8120.89,2.074895732,-3.71133165
20000706,8291.27,8383.69,8277.94,8289.39,-0.262142329,-0.022674452
20000713,8101.38,8304.01,8101.38,8267.66,1.744387166,2.052489823
20000719,8275.48,8423.59,8270.57,8411.88,-5.353618929,1.648242761
20000726,7944.9,8113.27,7922.81,7961.54,0.290270475,0.209442535
20000801,8171.58,8192.73,7984.65,7984.65,-3.36470603,-2.287562503
20000807,7804,7809.44,7680.53,7715.99,1.722138054,-1.127754997
20000814,7977.42,7982.13,7838.5,7848.87,4.589195642,-1.611423242
20000819,8195.25,8234.73,8145.94,8209.07,-4.424374503,0.16863427
20000828,7985.45,7985.45,7842.53,7845.87,-1.762455916,-1.747929046
20000902,7442.37,7713.03,7442.37,7707.59,-4.406046507,3.563649751
20000908,7457.86,7494.67,7360.5,7367.99,-4.271178435,-1.20503737
20000916,7096.49,7129.02,7003.6,7053.29,-6.255236918,-0.60875165
20000922,6737.54,6780.27,6600.1,6612.09,-2.718202565,-1.861955551
20000929,6571.62,6589.82,6427.12,6432.36,-6.260688146,-2.119112182
20001005,5932.79,6047.78,5904.98,6029.65,-3.725589379,1.632621414
20001012,5850.26,5981.67,5763.81,5805.01,-12.46733425,-0.773469897
20001019,5261.94,5284.34,5074.44,5081.28,18.54847597,-3.433334474
20001025,5914.37,6035.17,5898.97,6023.78,-9.939938046,1.849901173
20001101,5552.3,5570.58,5400.26,5425.02,8.345591353,-2.292383337
20001107,5721.88,5877.77,5720.89,5877.77,-1.790815224,2.7244542
20001114,5747,5855.28,5721.69,5772.51,-16.06406918,0.443883765
20001120,4994.73,5036.62,4841.67,4845.21,12.1474611,-2.993555207
20001127,5510.8,5526.13,5384.04,5433.78,-2.878843089,-1.39761922
20001202,5346.93,5379,5260.97,5277.35,-0.464627133,-1.301307479
20001208,5216.36,5269.62,5186.35,5252.83,-0.534759358,0.699146531
20001215,5256.09,5264.18,5202.04,5224.74,-7.799813962,-0.596450974
20001221,4834.76,4834.76,4797.27,4817.22,-1.521209328,-0.362789466
20001229,4797.08,4813.64,4728.43,4743.94,11.62725498,-1.107757219
20010105,5153.01,5295.53,5117.63,5295.53,0.828434548,2.765762147
20010112,5404.35,5423.19,5288.79,5339.4,6.380117616,-1.201809653
20010129,5850.7,5933.68,5680.06,5680.06,4.442910814,-2.916574085
20010205,6012.43,6012.43,5867.79,5932.42,-1.43870461,-1.330743144
20010212,5807.61,5894.27,5795.68,5847.07,1.543166064,0.679453338
20010219,5921.18,5991.29,5846.07,5937.3,-3.726946592,0.272243033
20010226,5746.65,5789.17,5708.17,5716.02,-1.416370132,-0.533006186
20010306,5689.64,5736.32,5626.87,5635.06,-0.437617346,-0.959287407
20010313,5509.79,5646.86,5498.56,5610.4,0.575716526,1.826022407
20010320,5693.05,5717.21,5624.3,5642.7,4.282169883,-0.884411695
20010327,5943.91,5981.31,5871.11,5884.33,-7.435171039,-1.002370493
20010403,5521.99,5538.09,5439.4,5446.82,0.384260908,-1.361284609
20010411,5470.67,5474.17,5362.43,5467.75,0.747290933,-0.053375546
20010418,5479.47,5523.72,5472.79,5508.61,0.137784305,0.531803258
20010425,5594.19,5601.35,5500.97,5516.2,-2.00609115,-1.394124976
20010503,5287.72,5405.54,5264.96,5405.54,-5.242214469,2.228181522
20010510,5215.55,5215.55,5117.14,5122.17,0.415253691,-1.790415201
20010517,5112.23,5175.53,5090.86,5143.44,1.620510787,0.610496789
20010524,5193.87,5246.79,5172.05,5226.79,-3.404192631,0.633824104
20010531,5014.93,5094.56,5012.28,5048.86,2.069576102,0.676579733
20010607,5172.69,5177.47,5126.3,5153.35,-0.662869784,-0.373886701
20010614,5179.4,5200.5,5091.52,5119.19,-2.623657258,-1.162489864
20010621,5044.2,5066.17,4965.86,4984.88,-2.035154307,-1.176004124
20010629,4854.6,4898.99,4843.55,4883.43,-3.612624733,0.593869732
20010706,4670.27,4766.27,4663.82,4707.01,-4.702135751,0.786678286
20010713,4715.33,4715.33,4483.09,4485.68,-5.915491074,-4.870284794
20010720,4197.42,4270.19,4154.9,4220.33,2.375643611,0.545811475
20010727,4341.49,4417.62,4289.37,4320.59,3.47498837,-0.481401546
20010806,4507.84,4527.75,4451.04,4470.73,1.119056619,-0.823232413
20010813,4492.28,4557.85,4470.17,4520.76,0.654757165,0.633976511
20010820,4520.12,4595.75,4520.12,4550.36,-3.643887517,0.669008787
20010827,4352.34,4407.82,4333.2,4384.55,1.601532654,0.740061668
20010903,4520,4526.27,4446.27,4454.77,-3.718934984,-1.443141593
20010910,4254.48,4305.74,4214.94,4289.1,-13.76186146,0.813730468
20010920,3693.91,3725.91,3693.11,3698.84,-3.547328352,0.133462916
20010927,3586.81,3602.18,3546.27,3567.63,0.499771557,-0.534736995
20011005,3502.37,3585.64,3467.94,3585.46,3.552124414,2.372393551
20011015,3724.66,3756.4,3706.15,3712.82,5.05814987,-0.317881364
20011022,3866.7,3924.3,3861.71,3900.62,4.21676554,0.877233817
20011029,4081.94,4084.89,4033.98,4065.1,0.379080465,-0.412548935
20011105,4014.74,4080.51,3984.68,4080.51,2.257560942,1.638213184
20011112,4126,4178.83,4090.96,4172.63,9.011103309,1.130150267
20011119,4459.39,4556.54,4436.9,4548.63,1.312263253,2.001170564
20011126,4560.56,4622.33,4560.56,4608.32,0.83088848,1.047239813
20011203,4534.37,4647.71,4532.19,4646.61,14.51961753,2.475316306
20011210,5345.51,5435.48,5304.99,5321.28,2.534540562,-0.453277611
20011217,5502.04,5535.75,5413.97,5456.15,-5.341128818,-0.834054278
20011224,5132.61,5208,5100.52,5164.73,7.483643869,0.625802467
20011231,5481.07,5583.82,5477.53,5551.24,4.662742018,1.280224482
20020108,5843.68,5885.6,5753.62,5810.08,-3.740740231,-0.574980149
20020115,5582.65,5628.65,5494.04,5592.74,3.779185158,0.180738538
20020122,5863.58,5880.83,5731.7,5804.1,0.72517703,-1.014397348
20020129,6008.22,6008.22,5841.44,5846.19,-0.033184005,-2.696805377
20020205,5812.7,5849.02,5773.07,5844.25,-3.219403687,0.542777023
20020221,5766.4,5769.59,5640.15,5656.1,0.436343063,-1.912805216
20020301,5672.03,5736.22,5645.8,5680.78,5.82437623,0.154265757
20020308,6077.7,6125.46,5971.91,6011.65,-1.00138897,-1.086759794
20020315,6062.13,6112.64,5939.46,5951.45,3.1751926,-1.825760912
20020322,6149.16,6203.21,6127.04,6140.42,0.440523612,-0.142133234
20020329,6265.02,6265.02,6154.56,6167.47,0.378761469,-1.557058078
20020408,6204.57,6246.32,6176.79,6190.83,0.083510612,-0.221449673
20020415,6226.57,6261.78,6179.61,6196,4.297934151,-0.490960513
20020422,6470.45,6484.93,6424.78,6462.3,-3.980161862,-0.125957236
20020429,6244.26,6258.18,6175.71,6205.09,-8.72042146,-0.627296109
20020507,5525.3,5700.69,5525.3,5663.98,1.623240195,2.509908964
20020514,5801.54,5822.66,5729.43,5755.92,-5.433362521,-0.786342937
20020521,5497.98,5540.49,5429.01,5443.18,4.15841475,-0.996729708
20020528,5765.56,5796.73,5652.59,5669.53,-2.499854485,-1.665579753
20020604,5443.87,5535.62,5443.87,5527.8,-2.213900648,1.541734097
20020611,5536.87,5540.56,5391.75,5405.42,2.423493457,-2.374084997
20020618,5625.15,5625.15,5516.54,5536.42,-3.980550609,-1.577380159
20020625,5419.93,5432.38,5299.19,5316.04,-6.037576843,-1.916814424
20020702,4881.12,5005.25,4881.12,4995.08,7.876550526,2.334710067
20020709,5352.71,5388.52,5310.73,5388.52,-1.308522563,0.669006914
20020716,5441.97,5460.09,5311.32,5318.01,-2.985703299,-2.277851587
20020723,5016.14,5159.23,4979.85,5159.23,-2.988624271,2.852591834
20020730,4971.98,5019.82,4937.11,5005.04,-8.645085754,0.664926247
20020806,4506.6,4629.93,4506.6,4572.35,5.370979912,1.458971287
20020813,4845,4847.31,4804.92,4817.93,2.103185393,-0.55872033
20020820,4950.01,4953.01,4907.59,4919.26,-0.821465017,-0.621210866
20020827,4947.8,4958.78,4875.04,4878.85,-5.960216035,-1.393548648
20020903,4654.15,4666.39,4577.94,4588.06,1.579534705,-1.42002299
20020911,4690.88,4707.55,4649.21,4660.53,-3.81673329,-0.647000136
20020918,4531.13,4540.53,4469.67,4482.65,-6.618852688,-1.069931783
20020925,4277,4287.33,4127.59,4185.95,-0.338991149,-2.128828618
20021002,4246.16,4260.41,4171.76,4171.76,-5.373032006,-1.752171374
20021009,3974.51,4031.57,3947.61,3947.61,8.440550105,-0.676812991
20021017,4182.8,4298.5,4177.34,4280.81,6.867625519,2.343167256
20021024,4611.42,4633.09,4542.33,4574.8,0.094867535,-0.794115479
20021031,4547.13,4605.44,4540.87,4579.14,3.905536848,0.70396052
20021107,4757.36,4799.61,4737.36,4757.98,-1.942420943,0.013032438
20021114,4700.53,4740.71,4665.56,4665.56,-1.845651969,-0.74395866
20021121,4722.06,4724.63,4573.08,4579.45,0.723886056,-3.020080219
20021128,4698.58,4712.01,4612.6,4612.6,3.09586784,-1.82991457
20021205,4725,4770.12,4718.05,4755.4,-1.802161753,0.643386243
20021212,4713.61,4735.89,4623.3,4669.7,-2.579823115,-0.931557766
20021219,4498.13,4592.12,4480.98,4549.23,0.398748799,1.136027638
20021226,4510.46,4567.37,4462.21,4567.37,1.290677129,1.261733836
20030103,4618.24,4641.46,4602.24,4626.32,4.852236767,0.174958426
20030110,4882.07,4884.64,4827.91,4850.8,1.174651604,-0.640506998
20030117,4955.94,4983.81,4897.03,4907.78,3.046998847,-0.971763177
20030124,5141.8,5141.8,5053.55,5057.32,-8.175278606,-1.643004395
20030210,4696.57,4715.18,4627.53,4643.87,1.318081686,-1.122095487
20030217,4629.57,4707.73,4613.36,4705.08,-2.037797444,1.631037008
20030224,4585.8,4613.08,4538.55,4609.2,-2.375900373,0.510270836
20030304,4481.55,4515.97,4476.55,4499.69,-5.316810714,0.404770671
20030311,4272.02,4313.59,4240.6,4260.45,6.554941379,-0.270832065
20030318,4504.82,4569.12,4488.28,4539.72,-0.900716344,0.774725738
20030325,4473.56,4513.83,4473.56,4498.83,-3.583598402,0.564874507
20030401,4275.39,4338.24,4275.39,4337.61,4.952957965,1.455305832
20030408,4559.22,4606.9,4544.83,4552.45,-1.424727345,-0.148490312
20030415,4494.19,4500.28,4466.02,4487.59,1.526654619,-0.146856274
20030422,4622.25,4626.46,4556.1,4556.1,-7.808871623,-1.431121207
20030429,4186.23,4227.82,4142.62,4200.32,1.79962479,0.336579691
20030507,4253.43,4276.69,4217.73,4275.91,1.524587749,0.528514634
20030514,4329.42,4351.54,4317.99,4341.1,-2.867015273,0.269782096
20030521,4248.68,4248.68,4212.5,4216.64,6.11316119,-0.754116573
20030528,4538.07,4558.53,4474.41,4474.41,5.898654795,-1.402798987
20030605,4743.98,4779.4,4720.36,4738.34,2.956520638,-0.118887516
20030612,4846.72,4914.41,4822.17,4878.43,3.4945669,0.6542569
20030619,5038.34,5058.69,4982.37,5048.91,-3.067988932,0.20979132
20030626,4932.02,4954.28,4894.01,4894.01,4.113191432,-0.77067814
20030703,5167.86,5197.72,5095.31,5095.31,3.671415478,-1.4038693
20030710,5367.35,5398.97,5282.38,5282.38,0.324285644,-1.583090352
20030717,5389.52,5429.92,5299.51,5299.51,1.948104636,-1.67009307
20030724,5324.63,5402.75,5305.7,5402.75,-1.562352506,1.467144196
20030731,5294.52,5328.55,5260.83,5318.34,-1.114445485,0.449899141
20030807,5257.56,5286.99,5193.18,5259.07,3.378544115,0.028720547
20030814,5463.54,5488.82,5410.12,5436.75,3.220858049,-0.490341427
20030821,5545.97,5612.15,5522.42,5611.86,-1.581293903,1.188069896
20030828,5596.56,5618.36,5504.52,5523.12,1.856016165,-1.312234658
20030904,5681.26,5702.16,5624.75,5625.63,0.349294212,-0.979184195
20030912,5627.35,5654.44,5600.18,5645.28,1.995118046,0.318622442
20030919,5790.38,5809.43,5747.1,5757.91,-1.872207103,-0.56075767
20030926,5690.87,5703.75,5650.11,5650.11,1.728815899,-0.716234952
20031003,5716.79,5759,5701.87,5747.79,3.908980669,0.542262354
20031013,5907.21,5979.83,5906.96,5972.47,1.765098862,1.104751651
20031020,6041.53,6085.62,6026.39,6077.89,-1.963510363,0.601834304
20031027,5946.02,5976.38,5941.09,5958.55,2.163277979,0.210729194
20031103,6054.31,6098.01,6024.97,6087.45,-0.466862151,0.547378644
20031110,6053.14,6094.7,6024.66,6059.03,-1.761172993,0.09730487
20031117,6011.74,6011.74,5942.41,5952.32,-2.196454492,-0.988399365
20031124,5845.49,5849.41,5802.69,5821.58,0.834653135,-0.409033289
20031201,5768.69,5878.13,5752.15,5870.17,-0.392152186,1.759151558
20031208,5869.16,5869.2,5842.21,5847.15,1.318420085,-0.375011075
20031215,5910.92,5924.24,5874.06,5924.24,-1.504496779,0.225345631
20031222,5782.09,5850.74,5773.64,5835.11,-0.517899405,0.91696947
20031229,5870.08,5874.2,5804.89,5804.89,5.841971166,-1.110547045
20040106,6170.02,6170.02,6110.69,6144.01,1.077634965,-0.421554549
20040113,6239.16,6255.94,6195.64,6210.22,2.83452116,-0.463844492
20040128,6360.71,6421.45,6335.54,6386.25,-2.268310824,0.401527502
20040204,6271.54,6297.92,6233.88,6241.39,3.412701337,-0.480743167
20040211,6518.16,6518.16,6440.3,6454.39,2.346619897,-0.978343582
20040218,6656.1,6661.13,6586.74,6605.85,0.581757079,-0.75494659
20040225,6619.69,6672.24,6595.24,6644.28,4.332899878,0.371467546
20040303,6981.54,7003.88,6930.01,6932.17,-0.826003979,-0.707150571
20040310,6967.16,6995.48,6874.91,6874.91,-4.319038358,-1.324068918
20040317,6654.47,6669.93,6577.98,6577.98,-5.539998601,-1.149452924
20040324,6265.74,6265.74,6100.83,6213.56,4.967039829,-0.83278272
20040331,6554.95,6569.56,6482.81,6522.19,1.909634647,-0.499774979
20040407,6642.43,6657.42,6606.83,6646.74,3.51209766,0.064885893
20040414,6772.42,6880.18,6772.42,6880.18,-1.016397827,1.591159438
20040421,6801.75,6844.74,6792.15,6810.25,-3.458022833,0.124967839
20040428,6636.3,6673.05,6556.87,6574.75,-10.95889578,-0.927474647
20040505,6190.9,6190.9,5854.23,5854.23,1.786058969,-5.438143081
20040512,5970.56,6026.64,5950.51,5958.79,-1.6481534,-0.197133937
20040519,5690.18,5861.53,5684.52,5860.58,2.844257736,2.994632859
20040526,6098.53,6116.45,6026.9,6027.27,-2.515234924,-1.168478305
20040602,5908.01,5945.54,5875.22,5875.67,1.53225079,-0.547392438
20040609,5972.13,6010.05,5948.93,5965.7,-6.797861106,-0.107666779
20040616,5722.18,5722.18,5526.6,5560.16,3.937476619,-2.831438368
20040624,5765.65,5799.81,5720.38,5779.09,1.000503539,0.23310468
20040701,5849.74,5870.59,5810.88,5836.91,-2.116188189,-0.219325987
20040708,5743.82,5780.68,5709.61,5713.39,-2.985793023,-0.529786797
20040715,5596.07,5611.64,5506.21,5542.8,-2.793533954,-0.951918042
20040722,5301.54,5395.78,5285.16,5387.96,-0.710844179,1.630092388
20040729,5378.23,5399.22,5349.66,5349.66,1.457101947,-0.53121566
20040805,5334.61,5442.32,5255.06,5427.61,-1.097904971,1.74333269
20040812,5349.53,5372.76,5329.75,5368.02,4.377219161,0.345637841
20040819,5490.68,5605.04,5488.81,5602.99,3.318763732,2.045466135
20040830,5791.87,5819.34,5771.03,5788.94,-0.223702439,-0.050588152
20040906,5747.34,5784.79,5712.95,5775.99,2.635565505,0.498491476
20040913,5917.61,5942.16,5888.95,5928.22,-1.074184156,0.179295357
20040920,5846.74,5892.36,5814.15,5864.54,-0.26123106,0.30444316
20040927,5872.02,5884.25,5832.37,5849.22,3.962750589,-0.388282056
20041005,6088.05,6111.23,6063.01,6081.01,-1.66830839,-0.11563637
20041012,6073.47,6077.97,5979.56,5979.56,-2.87261939,-1.546233043
20041019,5815.91,5824.14,5765.32,5807.79,-2.700166501,-0.139617016
20041027,5663.76,5676.94,5597.8,5650.97,3.749444786,-0.225821716
20041103,5761.48,5862.85,5744.42,5862.85,1.460723027,1.759443754
20041110,5948.38,5957.58,5899.25,5948.49,1.348073208,0.001849243
20041117,5916.12,6028.68,5904.61,6028.68,-1.946860673,1.902598325
20041124,5868.73,5918.7,5862.99,5911.31,-1.906345632,0.725540279
20041201,5778.06,5815.87,5745.05,5798.62,1.619178356,0.355828773
20041208,5908.92,5908.92,5879.88,5892.51,1.867964586,-0.277715725
20041215,5930.85,6011.12,5912.95,6002.58,-0.017659073,1.209438782
20041222,6008.67,6043.77,6001.52,6001.52,1.449132886,-0.118994719
20041229,6038.14,6102.89,6038.14,6088.49,-1.644414296,0.833866058
20050105,5999.47,6030.19,5988.37,5988.37,-1.825037531,-0.185016343
20050112,5957.9,5978.41,5878.39,5879.08,0.27674398,-1.322949361
20050119,5952.59,5961.78,5895.35,5895.35,-1.017412028,-0.961598229
20050126,5815.48,5847.41,5810.14,5835.37,3.141531728,0.3420182
20050202,6016.33,6064.66,6010.76,6018.69,0.888399303,0.039226572
20050217,6118.62,6139.65,6072.16,6072.16,0.925206187,-0.759321546
20050224,6123.59,6171.56,6109.9,6128.34,1.06521505,0.077568877
20050304,6191.42,6219.07,6178.26,6193.62,0.171305311,0.035533044
20050311,6225.75,6238.43,6194.14,6204.23,-2.583398746,-0.345661165
20050318,6039.23,6054.75,6018.63,6043.95,0.363338545,0.078155659
20050325,6018.79,6065.91,6016.48,6065.91,-0.61260388,0.782881609
20050401,6010.71,6028.99,5959.28,6028.75,-0.818245905,0.300130933
20050411,6021.33,6021.33,5969.4,5979.42,-4.419492192,-0.696025629
20050418,5809.76,5809.76,5679.35,5715.16,0.755009484,-1.628294456
20050425,5753.24,5771.38,5727.42,5758.31,1.040409426,0.088124257
20050503,5845.14,5865.9,5818.22,5818.22,2.261516409,-0.460553554
20050510,5973.37,5976.83,5939.48,5949.8,-0.937678577,-0.394584631
20050517,5939.31,5943.92,5879.19,5894.01,0.25602264,-0.762714861
20050524,5888.85,5925.88,5888.85,5909.1,1.733935794,0.343870195
20050531,5998.9,6026.53,5981.24,6011.56,1.567479989,0.21103869
20050607,6144.25,6146.94,6096.84,6105.79,1.637298368,-0.625951092
20050614,6244.56,6266.25,6205.76,6205.76,1.171492291,-0.621340815
20050621,6304.33,6304.88,6265.69,6278.46,0.611296401,-0.410352884
20050628,6303.66,6323.1,6287.8,6316.84,-1.342443374,0.209084881
20050705,6269.78,6279.2,6232.04,6232.04,2.034165378,-0.601934996
20050712,6337.5,6365.76,6337.5,6358.81,1.02220384,0.336252465
20050720,6438.22,6480.97,6415.78,6423.81,-1.503157783,-0.223819627
20050727,6364.01,6376.05,6305.93,6327.25,2.028053262,-0.577623228
20050803,6391.68,6455.57,6379.51,6455.57,-1.577862218,0.999580705
20050811,6362.62,6380.39,6326.37,6353.71,-2.339105814,-0.140036652
20050818,6252.32,6260.28,6204.42,6205.09,-1.537930957,-0.755399596
20050825,6103.46,6153.62,6097.23,6109.66,0.104588471,0.101581726
20050902,6081.71,6116.05,6075.35,6116.05,0.049214771,0.564643826
20050909,6161.8,6167.9,6108.4,6119.06,-1.435187758,-0.693628485
20050916,6080.19,6086.88,6015.56,6031.24,-1.752541766,-0.805073526
20050923,5957.79,5973.72,5899.59,5925.54,3.258268445,-0.541308103
20050930,6053.59,6118.61,6047.2,6118.61,-0.600953485,1.074073401
20051007,6090.99,6112.83,6076.15,6081.84,-4.202182234,-0.150221885
20051017,5990.23,5991.35,5826.27,5826.27,-1.870665108,-2.737123616
20051024,5761.33,5766.35,5713.63,5717.28,0.822419052,-0.764580401
20051031,5692.82,5774.61,5681.2,5764.3,1.666984716,1.255616724
20051107,5905.36,5905.36,5842.37,5860.39,3.809132157,-0.761511576
20051114,6066.24,6090.87,6061.22,6083.62,0.325464115,0.286503666
20051121,6130.8,6138.4,6093.44,6103.42,1.645307057,-0.446597508
20051128,6167.08,6212.35,6156.29,6203.84,2.328718987,0.596068155
20051205,6280.81,6348.31,6244.49,6348.31,-1.291997398,1.074702148
20051212,6272.61,6272.61,6206.83,6266.29,2.635211585,-0.100755507
20051219,6386.36,6439.2,6374.49,6431.42,1.606954607,0.705566238
20051226,6565.67,6573.97,6530.76,6534.77,-1.112663491,-0.470629806
20060102,6457.61,6492.92,6424.03,6462.06,4.33809033,0.068910944
20060109,6752.09,6763.86,6708.59,6742.39,-0.270082271,-0.143659223
20060116,6680.88,6733.52,6664.8,6724.18,-5.089245083,0.648118212
20060123,6385.88,6417.72,6373.63,6381.97,5.297893911,-0.061228836
20060207,6692.42,6747.43,6681.53,6720.08,-1.593879835,0.413303409
20060214,6553.28,6613.86,6540.71,6612.97,0.280358145,0.910841594
20060221,6708.21,6717.53,6631.51,6631.51,-0.273240936,-1.143375058
20060301,6518,6636.92,6518,6613.39,-2.325887329,1.463485732
20060308,6487.07,6521.27,6436.14,6459.57,0.915386009,-0.423920198
20060315,6516.14,6534.61,6478.71,6518.7,-1.954991026,0.039287063
20060322,6419.46,6441.27,6387.36,6391.26,1.670562612,-0.439289286
20060329,6447.7,6498.03,6444.4,6498.03,4.044148765,0.780588427
20060406,6724.97,6760.82,6710.68,6760.82,1.403971708,0.53308788
20060413,6850.19,6868.74,6828.95,6855.74,3.60282041,0.081019651
20060420,7061.38,7107.68,7030.89,7102.74,0.471226597,0.585721205
20060427,7203.75,7229.35,7136.21,7136.21,3.282274485,-0.937567239
20060505,7409.65,7455.83,7355.42,7370.44,-1.241174204,-0.529174792
20060512,7269.92,7326.48,7267.79,7278.96,-2.813726137,0.124347998
20060519,7040.42,7097.27,7010.69,7074.15,-2.751425966,0.479090736
20060526,6951.76,6976.33,6856.55,6879.51,-2.387379334,-1.039305154
20060605,6956.77,6967.38,6700.47,6715.27,-4.055979879,-3.471438613
20060612,6384.32,6443.21,6339.24,6442.9,2.175107483,0.917560523
20060619,6576.55,6603.98,6541.33,6583.04,-0.901711064,0.09868396
20060626,6464.4,6548.94,6448.51,6523.68,2.986351262,0.917022461
20060703,6727.23,6735.34,6705.25,6718.5,-0.536429262,-0.129771094
20060710,6609.86,6694.75,6588.55,6682.46,-6.354845371,1.098359118
20060717,6402.77,6416.41,6232.49,6257.8,1.627249193,-2.264176286
20060724,6316.83,6363.68,6308.72,6359.63,1.493011386,0.677555039
20060731,6528.23,6531.11,6428.26,6454.58,-0.588264457,-1.128177163
20060807,6425.99,6450.06,6405.09,6416.61,3.043507397,-0.145969726
20060814,6588.47,6634.73,6587.36,6611.9,-1.602867557,0.35562126
20060821,6715.72,6715.72,6498.18,6505.92,-0.940066893,-3.124013509
20060828,6515.08,6515.08,6422.38,6444.76,4.748353701,-1.07934208
20060904,6706.51,6761.65,6706.51,6750.78,-0.842865565,0.660104883
20060911,6714.36,6802.84,6674.55,6693.88,2.817498969,-0.305017902
20060918,6784.77,6886.3,6775.12,6882.48,0.417436738,1.440137249
20060925,6879.68,6921.36,6844.33,6911.21,0.719700313,0.4583062
20061002,6907.43,6961.78,6907.43,6960.95,0.339465159,0.774817841
20061012,7032.76,7039.93,6983.46,6984.58,0.472755699,-0.685079542
20061018,7021.96,7035.45,6980.07,7017.6,0.602627679,-0.062090926
20061025,7099.94,7110.93,7059.89,7059.89,-0.650151773,-0.564089274
20061101,7036.07,7058.69,7013.99,7013.99,2.343174142,-0.313811545
20061108,7200.77,7207.33,7176.66,7178.34,0.815090954,-0.311494465
20061115,7254.47,7269.01,7229.02,7236.85,1.546529222,-0.242884732
20061122,7330.01,7350.63,7314.36,7348.77,1.706680166,0.255934167
20061129,7476.54,7513.51,7431.87,7474.19,2.931956506,-0.031431652
20061206,7634.79,7697.24,7620.98,7693.33,-3.158970173,0.766753244
20061213,7480.04,7494.49,7369.09,7450.3,2.658282217,-0.397591457
20061220,7627.94,7661.94,7614.71,7648.35,1.109128113,0.267568964
20061227,7761.09,7790.31,7733.18,7733.18,2.603456793,-0.359614436
20070104,7929.89,7955.9,7901.24,7934.51,-3.982098453,0.058260581
20070111,7724.1,7748.96,7599.55,7618.55,3.6310059,-1.366502246
20070118,7852.26,7896.95,7830.23,7895.18,0.362119673,0.546594229
20070125,7982.64,7990.55,7917.65,7923.77,-2.804599326,-0.737475321
20070201,7751.3,7757.63,7679.78,7701.54,1.826647657,-0.641956833
20070208,7875.52,7884.73,7790.63,7842.22,0.739331465,-0.422829223
20070226,7939.4,7950.2,7899.55,7900.2,-7.033239665,-0.493740081
20070305,7565.95,7565.95,7306.07,7344.56,3.874840698,-2.926136176
20070312,7611.15,7640.14,7590.82,7629.15,1.419686335,0.236495142
20070319,7739.56,7759.66,7713.78,7737.46,1.814031995,-0.027133325
20070326,7878.59,7887.33,7853.15,7877.82,0.091015027,-0.009773322
20070402,7888.17,7931.99,7866.59,7884.99,2.529616398,-0.040313533
20070411,8073.67,8105.82,8055.67,8084.45,-1.548157265,0.133520444
20070417,8100.61,8100.61,7952.18,7959.29,1.076980484,-1.744559978
20070424,8011.81,8051.67,7998.22,8045.01,-1.764696377,0.414388259
20070502,7900.76,7951.69,7890.54,7903.04,1.893701664,0.028857983
20070509,8092.1,8093.51,8043.46,8052.7,-0.796378854,-0.486894626
20070516,7988.97,8014.88,7978.25,7988.57,2.919421123,-0.005006903
20070523,8232.53,8256.25,8214.58,8221.79,-0.905520574,-0.130458073
20070530,8163.81,8177.76,8110.28,8147.34,2.053921894,-0.201744039
20070606,8330.72,8376.97,8313.59,8314.68,0.381373667,-0.192540381
20070613,8388.49,8388.49,8336.53,8346.39,5.990613906,-0.501878169
20070622,8879.99,8884.03,8799.29,8846.39,0.524959899,-0.378378804
20070628,8914.69,8914.69,8841.96,8892.83,2.878161395,-0.245213238
20070705,9114.06,9148.78,9086.19,9148.78,2.247622087,0.380949873
20070712,9346.95,9400.37,9316.91,9354.41,1.27105825,0.079812131
20070719,9449.72,9529.35,9441.79,9473.31,0.982866601,0.249637026
20070726,9793.76,9807.91,9566.42,9566.42,-6.437622433,-2.321273954
20070802,9076.11,9080.07,8727.64,8950.57,2.592348867,-1.383191698
20070809,9213.47,9219.02,9140.47,9182.6,-10.68575349,-0.335052917
20070816,8397.24,8438.08,8166.08,8201.37,6.480258786,-2.332552124
20070823,8699.4,8735.1,8686.06,8732.84,0.439375965,0.384394326
20070830,8782.35,8825.92,8750.62,8771.21,2.803148026,-0.12684532
20070906,8896.67,9017.08,8841.64,9017.08,-0.994335195,1.353427743
20070913,9062.31,9062.31,8924.62,8927.42,1.992288926,-1.488472586
20070921,9018.68,9105.28,8994.01,9105.28,4.208766781,0.960229213
20071001,9523.98,9555.07,9474.4,9488.5,2.409969964,-0.372533332
20071008,9736.93,9744.97,9683.14,9717.17,-1.283295445,-0.202938709
20071016,9468.88,9618.03,9461.27,9592.47,-0.939069916,1.305223004
20071023,9419.54,9512.56,9419.54,9502.39,2.689218186,0.879554628
20071030,9854.27,9859.65,9727.58,9757.93,-4.766687197,-0.977647253
20071106,9324.61,9368.46,9278.01,9292.8,-6.086324897,-0.341140273
20071113,8673.2,8742.41,8599.39,8727.21,-0.531097567,0.62272287
20071120,8483.61,8680.86,8372.05,8680.86,-3.514628735,2.32507152
20071127,8319.69,8454.36,8207.97,8375.76,3.289492536,0.67394338
20071204,8557.32,8656.89,8557,8651.28,-0.149688832,1.09800732
20071211,8648.88,8659.36,8569.54,8638.33,-9.619220382,-0.121981112
20071218,7730.79,7913.88,7664.62,7807.39,4.606917292,0.990843109
20071225,8166.18,8181.61,8119.85,8167.07,1.90986486,0.010898609
20080102,8491.57,8532.92,8319.58,8323.05,-2.85940851,-1.984556448
20080109,7842.16,8085.06,7818.31,8085.06,1.168575125,3.097360931
20080116,8286.31,8375.06,8179.54,8179.54,-9.427669527,-1.288510809
20080123,7708.27,7708.27,7384.61,7408.4,1.823605637,-3.890237368
20080130,7604.29,7667.07,7507.52,7543.5,4.265659177,-0.799417171
20080214,7711.45,7865.28,7707,7865.28,2.805367387,1.994825876
20080221,7982.35,8085.93,7972.13,8085.93,4.041959305,1.297612858
20080229,8367.45,8473.71,8367.45,8412.76,1.410000998,0.541503086
20080307,8537.24,8624.65,8513.24,8531.38,-4.336813036,-0.068640451
20080314,8293.12,8315.23,8120.49,8161.39,4.455123453,-1.588425104
20080321,8453.56,8539.91,8412.52,8524.99,1.155309273,0.844969457
20080328,8591.91,8668.22,8564.03,8623.48,1.232796968,0.367438672
20080407,8638.63,8729.79,8619.99,8729.79,1.865909718,1.05525992
20080414,8877.47,8928.87,8839.12,8892.68,2.143785675,0.171332598
20080421,9156.77,9160.1,9047.66,9083.32,-0.040954189,-0.802138745
20080428,8965.73,9079.6,8953.95,9079.6,-2.447574783,1.270058322
20080506,8852.2,8862.5,8782.96,8857.37,1.492090767,0.058403561
20080513,8894.94,8995.35,8859.24,8989.53,0.882804774,1.063413581
20080520,9309.95,9309.95,9057.31,9068.89,-3.203258613,-2.589272767
20080527,8779.34,8789.77,8723.72,8778.39,-2.266474832,-0.010820859
20080603,8664.66,8693.48,8558.46,8579.43,-2.44107126,-0.98365083
20080610,8581.99,8602.11,8370,8370,-2.009677419,-2.470173002
20080617,8182.35,8203.98,8067.96,8201.79,-5.653278126,0.237584557
20080624,7888.75,7928.41,7738.12,7738.12,-4.266410963,-1.909427983
20080701,7528.54,7569.18,7407.98,7407.98,-4.807383389,-1.601372909
20080708,7274.94,7274.94,7016.21,7051.85,-3.085856903,-3.066554501
20080715,7022.98,7036.42,6832.3,6834.24,3.386038535,-2.687463157
20080722,7029.84,7098.68,6998.13,7065.65,0.066519004,0.509399929
20080730,7147.26,7151.33,7049.58,7070.35,-0.623872934,-1.076076706
20080806,6941.5,7026.24,6921.97,7026.24,3.787231862,1.220773608
20080813,7272.49,7311.3,7213.11,7292.34,-3.448001602,0.272946405
20080820,6927.46,7053.56,6898.29,7040.9,0.569103382,1.637541032
20080827,6950.88,7106.64,6929.87,7080.97,-7.00525493,1.871561586
20080903,6706.87,6748.52,6552.1,6584.93,-1.927431271,-1.818135732
20080910,6396.28,6497.72,6396.28,6458.01,-10.1755804,0.96509221
20080917,5953.88,6027.29,5747.3,5800.87,5.718624965,-2.569920791
20080924,6136.98,6198.48,6100.33,6132.6,-6.993444868,-0.071370609
20081002,5764.48,5840.09,5672.39,5703.72,-10.04625052,-1.054041301
20081009,5183.43,5295.05,5130.71,5130.71,-3.319423628,-1.017087141
20081017,4993.79,5024.43,4924.73,4960.4,-7.676397065,-0.668630439
20081024,4599.13,4603.56,4579.62,4579.62,6.355112433,-0.424210666
20081031,4707.75,4911.8,4659.67,4870.66,-2.634755865,3.460464128
20081107,4468.08,4777.23,4468.08,4742.33,-6.107335424,6.137983205
20081114,4537.43,4541.35,4422.75,4452.7,-6.324252701,-1.867356631
20081121,3962.69,4194.71,3955.43,4171.1,6.937977991,5.259306178
20081128,4444.37,4476.33,4419.03,4460.49,-5.277895478,0.362706075
20081205,4213.07,4261.32,4190.02,4225.07,6.06380486,0.284827928
20081212,4600.97,4654.75,4401.05,4481.27,4.758695638,-2.601625309
20081219,4661.69,4723.7,4622.49,4694.52,-5.739457921,0.704251033
20081226,4398.53,4466.75,4396.26,4425.08,6.828803095,0.603610752
20090106,4719.54,4754.88,4679.43,4727.26,-5.782630953,0.163575264
20090112,4487.68,4523.01,4431.04,4453.9,-1.971306046,-0.752727467
20090117,4382.86,4382.86,4354.18,4366.1,0.153684066,-0.382398708
20090203,4300.56,4389.87,4295.26,4372.81,3.505526195,1.680013766
20090210,4524.05,4533.95,4491.84,4526.1,-0.758268708,0.045313381
20090217,4572.97,4585.28,4475.17,4491.78,-1.371393969,-1.775432596
20090224,4407.95,4452.96,4394.76,4430.18,0.116473823,0.504316065
20090303,4364.37,4435.34,4328.05,4435.34,5.313685084,1.626122441
20090310,4605.92,4688.63,4605.92,4671.02,7.929103279,1.413398409
20090317,4998.9,5050.63,4954.5,5041.39,3.982830132,0.849986997
20090324,5237.78,5264.94,5205.94,5242.18,-0.597842882,0.084005056
20090331,5214.96,5286.45,5194.93,5210.84,7.024011484,-0.079003482
20090407,5497.88,5576.85,5484.89,5576.85,5.663232829,1.436371838
20090414,5814.42,5898.76,5765.81,5892.68,-0.191254234,1.345964
20090421,5665.94,5881.41,5663.56,5881.41,-4.840335906,3.802899431
20090428,5744.77,5773.53,5596.73,5596.73,17.33101293,-2.576952602
20090506,6389.55,6570.5,6372.94,6566.7,-1.242024152,2.772495716
20090513,6449.46,6512.07,6435.49,6485.14,3.368932668,0.553224611
20090520,6708.54,6740.75,6590.79,6703.62,2.786852477,-0.073339356
20090527,6800.56,6930.59,6743.39,6890.44,-1.790016312,1.321655864
20090605,6825.73,6829.66,6743.15,6767.1,-2.951485865,-0.858955745
20090611,6458.62,6567.37,6353.78,6567.37,-6.438498212,1.683796229
20090618,6246.85,6279.36,6100.08,6144.53,5.095263592,-1.637945525
20090625,6427.88,6497.38,6404.38,6457.61,3.250738276,0.462516413
20090702,6613.72,6686.7,6600.91,6667.53,1.209593358,0.813611704
20090709,6696.72,6803.83,6696.72,6748.18,0.47598019,0.768435891
20090716,6863.86,6878.68,6770.51,6780.3,2.958276182,-1.217390798
20090723,6987.79,7023.67,6926.27,6980.88,0.662237426,-0.098886772
20090730,7063.47,7068.43,6944.5,7027.11,-2.254981066,-0.514761158
20090806,6886.7,6888.09,6775.87,6868.65,2.924300991,-0.262099409
20090814,7091.82,7132.33,7062.49,7069.51,-5.86617743,-0.314587793
20090821,6785.7,6824.65,6629.1,6654.8,2.330047485,-1.929056693
20090828,6727.42,6824.65,6711.16,6809.86,5.040779106,1.225432632
20090904,7167.24,7178.54,7121.21,7153.13,2.572440316,-0.196867971
20090911,7300.01,7355.96,7295.85,7337.14,2.581523591,0.50862944
20090918,7463.39,7526.55,7434.83,7526.55,-2.409204749,0.846264231
20090925,7298.37,7361.93,7284.33,7345.22,0.907528978,0.641924156
20091002,7415.16,7483.43,7391.63,7411.88,2.159775927,-0.044233705
20091009,7572.79,7597.79,7506.77,7571.96,1.890395618,-0.010960293
20091016,7712.03,7738.04,7691.39,7715.1,-0.853132169,0.039807936
20091023,7651.64,7671.91,7614.75,7649.28,-4.042210509,-0.030843061
20091030,7428.72,7433.21,7340.08,7340.08,1.67532234,-1.193206905
20091106,7516.4,7521.01,7450.68,7463.05,2.714439807,-0.709781278
20091113,7651.13,7695.11,7639.57,7665.63,0.2262045,0.18951449
20091120,7741.72,7741.72,7649.19,7682.97,-2.499814525,-0.758875289
20091127,7614.41,7633.5,7490.91,7490.91,2.135922071,-1.621924745
20091204,7685.14,7707.11,7650.77,7650.91,1.884220308,-0.445405028
20091211,7709.96,7795.07,7700.76,7795.07,-0.531618061,1.103896778
20091218,7690.44,7753.63,7688,7753.63,2.823967613,0.821669501
20091225,8007.5,8009,7965.37,7972.59,2.950860385,-0.435966282
20100104,8222.42,8240.45,8143.45,8207.85,1.412915684,-0.17719844
20100111,8291.52,8357.9,8281.72,8323.82,0.168192008,0.389554629
20100118,8290.38,8367.65,8290.38,8337.82,-5.574958442,0.5722295
20100125,7845.3,7938.14,7828.34,7872.99,-4.424240346,0.352950174
20100201,7653.89,7661.7,7493.81,7524.67,-4.143703312,-1.688291836
20100206,7244.71,7249.19,7080.9,7212.87,5.331719551,-0.439493092
20100223,7575.62,7597.44,7502.45,7597.44,0.002369219,0.288029231
20100302,7649.62,7664.49,7592.66,7597.62,2.276633999,-0.679772329
20100309,7762.4,7770.59,7737.65,7770.59,-0.964662915,0.105508606
20100316,7671.41,7695.81,7645.17,7695.63,1.510467629,0.31571771
20100323,7880.12,7889.04,7804.4,7811.87,1.924635203,-0.866103562
20100330,7992.12,7994.62,7942.47,7962.22,2.003963719,-0.374118507
20100407,8131.4,8133.45,8091.28,8121.78,-0.303504897,-0.118306811
20100414,8077.94,8102.38,8040.01,8097.13,-1.316515852,0.237560566
20100421,7949.96,7998.76,7947.9,7990.53,1.139098408,0.510317033
20100428,7944.7,8092.48,7944.7,8081.55,-4.759606759,1.722532002
20100505,7759.18,7785.55,7695.69,7696.9,-1.22386935,-0.802662137
20100512,7663.34,7674.52,7596.21,7602.7,-0.572691281,-0.791299877
20100519,7527.62,7588.09,7467.2,7559.16,-5.183247874,0.418990332
20100526,7161.4,7174.38,7079.85,7167.35,0.395683202,0.083084313
20100602,7252.79,7304.13,7159.75,7195.71,-1.723804878,-0.787007483
20100609,7166.19,7193.04,7048.6,7071.67,6.280129022,-1.318971448
20100617,7503.12,7534.06,7481.72,7515.78,0.986058666,0.168729808
20100624,7601.72,7607.63,7567.96,7589.89,-4.424701807,-0.155622675
20100701,7326.89,7327.4,7251.6,7254.06,4.890916259,-0.994009737
20100708,7612.71,7622.46,7583.36,7608.85,1.257351637,-0.050704677
20100715,7699.49,7732.31,7681.87,7704.52,-0.49555326,0.065329002
20100722,7699.36,7718.92,7665.78,7666.34,1.730291117,-0.428866815
20100729,7778.74,7799.57,7738.48,7798.99,1.767664787,0.260324937
20100805,8010.07,8018.74,7921.98,7936.85,-1.348897863,-0.914099377
20100812,7789.46,7837.38,7776.66,7829.79,1.266317487,0.51775091
20100819,7925.48,7948.73,7886.73,7928.94,-3.016796697,0.043656662
20100826,7743.32,7758.14,7666.51,7689.74,0.404174914,-0.691951256
20100902,7764.8,7780.53,7715.31,7720.82,1.485852539,-0.566402225
20100909,7901.83,7903.47,7817.87,7835.54,3.371943733,-0.838919592
20100916,8174.85,8182.8,8099.75,8099.75,0.825581036,-0.918671291
20100924,8182.16,8190.96,8129.21,8166.62,0.949719713,-0.189925399
20101001,8259.08,8260.28,8220.73,8244.18,0.000121298,-0.180407503
20101008,8306.32,8309.91,8232.02,8244.19,-0.471726149,-0.747984667
20101015,8216.87,8242.77,8184.29,8205.3,-0.453852997,-0.140807875
20101022,8169.51,8174.03,8148.26,8168.06,1.457261577,-0.017748923
20101029,8348.39,8348.39,8278.72,8287.09,1.957864582,-0.734273315
20101105,8444.81,8458.47,8420.65,8449.34,-1.577519664,0.053642415
20101112,8404.43,8416.35,8309.36,8316.05,-0.119407651,-1.05158827
20101119,8344.66,8372.16,8283.27,8306.12,0.072597073,-0.46185225
20101126,8371.27,8371.27,8312.15,8312.15,3.751857221,-0.706224981
20101203,8630.88,8659.62,8618.26,8624.01,1.099488521,-0.079597909
20101210,8740.71,8744.67,8684.05,8718.83,1.136276312,-0.250322914
20101217,8828.05,8860.38,8817.51,8817.9,0.489912564,-0.114974428
20101224,8910.61,8911.41,8861.01,8861.1,1.25718026,-0.555629749
20101231,8936.11,8990.38,8932.64,8972.5,-2.115129563,0.407224172
20110107,8905.25,8907.11,8738.93,8782.72,2.160947861,-1.375929929
20110114,8985.34,8998.14,8937.5,8972.51,-0.20206163,-0.142788142
20110121,8935.29,8980.54,8892.27,8954.38,2.132699305,0.213647235
20110128,9122.16,9154.93,9095.71,9145.35,-5.02856643,0.254216107
20110214,8666.61,8715.97,8626.66,8685.47,1.770197813,0.217616807
20110221,8867.16,8867.16,8797.25,8839.22,-1.263233634,-0.31509525
20110301,8611.79,8734.24,8611.79,8727.56,0.231336135,1.344319822
20110308,8692.1,8768.31,8692.1,8747.75,-5.864022177,0.640236537
20110315,8493.83,8519.9,8070.52,8234.78,3.318364304,-3.049860899
20110322,8523.27,8552.82,8508.04,8508.04,1.040545178,-0.178687288
20110329,8538.44,8596.57,8522.57,8596.57,3.549671555,0.680803519
20110407,8884.84,8901.72,8828.92,8901.72,-1.112032281,0.189986539
20110414,8787.75,8835.39,8772.3,8802.73,1.759908574,0.170464567
20110421,8893.07,8992.08,8892.06,8957.65,0.927921944,0.726183421
20110428,9088.97,9099.75,9021.36,9040.77,-0.702816242,-0.530313116
20110506,8997.73,9018.4,8954.81,8977.23,0.327272444,-0.227835243
20110513,9039.55,9059.46,8986.18,9006.61,-1.882839381,-0.36439867
20110520,8944.38,8944.38,8822.75,8837.03,-0.305871995,-1.200194983
20110527,8806.29,8860.03,8803.59,8810,2.681952327,0.042128978
20110603,9024.54,9052.18,8997.35,9046.28,-3.684719023,0.240898705
20110613,8791.67,8811.97,8703.52,8712.95,-2.091943601,-0.895393025
20110620,8679.15,8685.33,8518.66,8530.68,-0.357767493,-1.710651389
20110627,8456.36,8519.21,8433.46,8500.16,3.230056846,0.517953351
20110704,8801.51,8808.47,8772.33,8774.72,-1.240723351,-0.304379589
20110711,8749.55,8749.55,8633.55,8665.85,-1.468753786,-0.956620626
20110718,8550.16,8580.33,8473.91,8538.57,1.697473933,-0.135553019
20110725,8764.68,8786.03,8661.76,8683.51,0.205792358,-0.926103406
20110801,8629.97,8707.87,8629.97,8701.38,-13.19997518,0.827465217
20110808,7769.6,7799.49,7451.29,7552.8,3.529684355,-2.790362438
20110815,7769.17,7819.39,7748.46,7819.39,-6.481323991,0.646401096
20110822,7348.71,7468.74,7248.69,7312.59,3.629630541,-0.491514837
20110829,7482.92,7608.77,7474.31,7578.01,-0.348904264,1.270760612
20110905,7637.9,7637.9,7538.58,7551.57,-2.121413163,-1.130284502
20110913,7530,7538.04,7382,7391.37,1.372952511,-1.841035857
20110920,7485.6,7544.88,7389.39,7492.85,-5.377126194,0.096852624
20110927,7031.13,7119.14,7027.89,7089.95,-0.593516174,0.836565388
20111004,6937.24,7047.99,6889.99,7047.87,4.74583101,1.594726433
20111012,7390.06,7407.08,7323.54,7382.35,-0.392557925,-0.104329329
20111019,7393.73,7393.73,7316.58,7353.37,2.481175298,-0.545867918
20111026,7437.77,7548.51,7425.99,7535.82,0.831097346,1.318271471
20111102,7500.54,7599.54,7448.28,7598.45,-0.481545578,1.30537268
20111109,7646.12,7654.15,7561.86,7561.86,-2.305517426,-1.10199683
20111116,7520.95,7541.68,7385.13,7387.52,-7.865833189,-1.774110983
20111123,6967.66,6981.54,6806.43,6806.43,1.435260482,-2.313976285
20111130,7001.59,7001.59,6860.05,6904.12,1.866711471,-1.392112363
20111207,7004.18,7046.39,6992.27,7033,-1.570169202,0.41146858
20111214,6912.54,6926.09,6860.39,6922.57,0.634302001,0.145098618
20111221,6878.63,6966.48,6878.63,6966.48,1.29462799,1.27714385
20111228,7086.1,7093.47,7036.92,7056.67,0.372697037,-0.415320134
20120104,7093.07,7116.22,7064.58,7082.97,1.48581739,-0.142392504
20120111,7203.1,7212.36,7184.38,7188.21,0.632702717,-0.206716553
20120118,7235.54,7245.13,7194.55,7233.69,6.100620845,-0.025568237
20120203,7658.68,7674.99,7608.41,7674.99,3.072186413,0.21296098
20120209,7863.36,7910.78,7840.38,7910.78,-0.519291397,0.603050096
20120216,7983.75,8010.5,7851.62,7869.7,0.858990813,-1.428526695
20120223,7981.92,7991.92,7935.42,7937.3,2.231741272,-0.55901337
20120303,8119.94,8134.94,8087.2,8114.44,-1.21302271,-0.067734491
20120309,8012.59,8027.08,7965.68,8016.01,0.485653087,0.042682828
20120316,8130.28,8130.52,8054.94,8054.94,0.269027454,-0.926659352
20120323,8067.93,8076.61,8030.88,8076.61,-1.778097494,0.107586457
20120330,7832.22,7933,7775.75,7933,-4.186688516,1.286736072
20120409,7587.68,7650.89,7529.39,7600.87,1.697042575,0.173834426
20120416,7747.36,7749.49,7714.14,7729.86,-3.218298908,-0.225883398
20120423,7488.82,7521.42,7430.93,7481.09,0.275761954,-0.103220534
20120430,7439.22,7501.72,7422.14,7501.72,0.586398853,0.840141843
20120508,7572.16,7572.31,7522.29,7545.71,-1.988812186,-0.349305878
20120515,7328.74,7396.42,7291.44,7395.64,-1.632718737,0.9128445
20120522,7257.96,7274.89,7232.52,7274.89,0.92647449,0.233261137
20120529,7179.58,7349.85,7178.67,7342.29,-4.65576816,2.266288557
20120605,6988.52,7037.57,6967.31,7000.45,1.023219936,0.170708533
20120612,7036.44,7076.37,7026.27,7072.08,2.842869425,0.506506131
20120619,7286.54,7288.98,7239.42,7273.13,-1.858897064,-0.184037966
20120626,7145.22,7156.99,7117.17,7137.93,3.928730038,-0.10202625
20120703,7363.37,7431.7,7357.67,7418.36,-2.251306219,0.746804792
20120710,7305.76,7328.75,7228.88,7251.35,-1.714853096,-0.744754824
20120717,7056.8,7133.05,7051.76,7127,-1.664795847,0.994785172
20120724,7004.44,7015.76,6968.78,7008.35,3.740395386,0.055821736
20120731,7140.53,7270.49,7140.53,7270.49,0.678221138,1.820032967
20120808,7331.59,7357.42,7302.9,7319.8,2.021093472,-0.160810956
20120815,7489.81,7489.81,7442.72,7467.74,0.386194485,-0.294667021
20120822,7495.87,7501.26,7461.07,7496.58,-1.40637464,0.009471883
20120829,7379.48,7405.3,7368.4,7391.15,-0.320789052,0.158141224
20120905,7429.93,7429.93,7364.68,7367.44,2.75550259,-0.841057722
20120912,7518.68,7571.42,7515.04,7570.45,2.793228936,0.688551714
20120919,7739.52,7781.91,7726.35,7781.91,-1.442833443,0.547708385
20120926,7702.77,7708.9,7649.5,7669.63,0.195576579,-0.430234838
20121003,7727.48,7727.53,7680.98,7684.63,-3.030855096,-0.554514538
20121011,7494.58,7501.22,7448.06,7451.72,0.183715974,-0.571879945
20121018,7474.07,7495.45,7448.06,7465.41,-2.723628039,-0.115867258
20121025,7329.5,7339.21,7260,7262.08,-1.13521195,-0.919844464
20121101,7141.97,7188.23,7050.05,7179.64,0.877342039,0.527445509
20121108,7229,7242.63,7190.99,7242.63,-1.364007274,0.188546134
20121115,7132.02,7158.74,7066.28,7143.84,-0.533046653,0.165731448
20121122,7116.8,7134.78,7097.38,7105.76,5.598134471,-0.155125899
20121129,7468.93,7521.52,7466.49,7503.55,1.595378188,0.46352021
20121206,7660.97,7673.62,7616.79,7623.26,1.755548151,-0.492235317
20121213,7713.69,7757.09,7699.41,7757.09,-2.083642191,0.562636041
20121220,7646.13,7646.13,7574.56,7595.46,0.509909867,-0.662688183
20121226,7646.51,7683.09,7633.83,7634.19,2.250402466,-0.161119256
20130104,7818.27,7818.27,7773.06,7805.99,0.168588481,-0.157067996
20130111,7843.57,7845.36,7801.69,7819.15,-1.103444748,-0.311337822
20130118,7697.28,7732.87,7676.11,7732.87,-0.779658781,0.462371123
20130125,7695.25,7704.31,7637.2,7672.58,2.390199907,-0.294597317
20130201,7853.75,7866.23,7832,7855.97,1.335417523,0.028266752
20130219,7974.4,7974.4,7946.09,7960.88,-0.165810815,-0.169542536
20130225,7986.87,7995.11,7947.68,7947.68,-0.188356854,-0.490680329
20130305,7910.44,7939.85,7882.56,7932.71,0.781574014,0.281526691
20130312,8039,8063.23,7986.59,7994.71,-1.954292276,-0.550939172
20130319,7843.47,7863.77,7823.81,7838.47,0.228233316,-0.063747296
20130326,7873.7,7876.68,7845.56,7856.36,0.723235697,-0.220226831
20130402,7897.16,7924.46,7879.55,7913.18,-0.697570383,0.202857736
20130411,7788.58,7857.98,7788.58,7857.98,-0.847927839,0.891048176
20130418,7781.48,7826.13,7757.33,7791.35,2.95712553,0.126839624
20130425,8015.38,8026.46,7994.19,8021.75,1.412160688,0.079472215
20130503,8157.51,8175.33,8121.07,8135.03,1.785242341,-0.275574287
20130510,8284.38,8297.33,8258.62,8280.26,1.061923176,-0.049732147
20130517,8377.26,8402.34,8356.79,8368.19,-1.893001951,-0.108269291
20130524,8273.21,8277.56,8172.54,8209.78,0.548370358,-0.766691526
20130531,8318.77,8334.44,8237.08,8254.8,-1.933420555,-0.768983876
20130607,8113.95,8146.78,8071.98,8095.2,-1.263835359,-0.231083504
20130617,7953.65,7999.43,7940.72,7992.89,-2.938361469,0.493358395
20130624,7788.45,7815.1,7744.49,7758.03,3.58299723,-0.390578356
20130701,8011.95,8063.47,7974.15,8036,-1.862369338,0.300176611
20130708,7980.11,7992.16,7885,7886.34,4.670607658,-1.175046459
20130715,8178.26,8254.68,8175.55,8254.68,-1.807822956,0.934428595
20130722,8092.03,8137.37,8092.03,8105.45,-0.258468068,0.165842193
20130729,8146.14,8163.89,8074.29,8084.5,0.669552848,-0.756677396
20130805,8104.2,8143.44,8075.99,8138.63,-2.890535631,0.42484144
20130812,7878.22,7908.68,7862.04,7903.38,-0.040109422,0.31936148
20130819,7937.45,7944.74,7888.87,7900.21,-1.004656838,-0.46916831
20130827,7875.93,7895.23,7820.84,7820.84,3.4207323,-0.699472951
20130903,8095.66,8102.66,8067.62,8088.37,1.488557027,-0.090048248
20130910,8217.21,8238.91,8155.87,8208.77,0.567320074,-0.102711261
20130916,8189.61,8255.34,8189.61,8255.34,0.345957889,0.802602322
20130925,8283.6,8285.28,8253.43,8283.9,-0.813385,0.003621614
20131002,8215.96,8228.81,8204.34,8216.52,1.560392964,0.006816002
20131009,8352.25,8378.37,8330.79,8344.73,0.358909156,-0.090035619
20131017,8390.88,8415.16,8364.89,8374.68,0.466167065,-0.193066758
20131024,8364.45,8413.72,8346.52,8413.72,0.431913589,0.589040523
20131031,8437.76,8469.58,8424.47,8450.06,-1.968625075,0.145773286
20131107,8298.06,8298.06,8250.72,8283.71,-1.796296587,-0.172931987
20131114,8137.82,8161.7,8100.73,8134.91,-0.435899106,-0.035758962
20131121,8197.86,8203.45,8093.82,8099.45,3.246887134,-1.200435236
20131128,8320.65,8377.81,8320.65,8362.43,0.156772613,0.502124233
20131205,8430.53,8437.6,8362.39,8375.54,-0.169660702,-0.652272158
20131212,8405.62,8406.93,8361.33,8361.33,0.550988898,-0.526909377
20131219,8400.39,8426.08,8378.78,8407.4,0.93358232,0.083448507
20131226,8467.73,8492.71,8465.85,8485.89,0.71471584,0.214461255
20140103,8584.74,8584.74,8537.86,8546.54,-0.201134026,-0.44497562
20140110,8559.18,8559.18,8521.5,8529.35,0.781419452,-0.348514694
20140117,8628.49,8628.86,8580.49,8596,0.026872964,-0.376543289
20140124,8581.49,8608.64,8577.14,8598.31,-2.400006513,0.196003258
20140210,8416.42,8447.02,8391.95,8391.95,1.520504769,-0.290741194
20140217,8537.83,8558.5,8512.6,8519.55,0.481950338,-0.214105926
20140224,8603.61,8612.21,8541.65,8560.61,-0.070906162,-0.499790204
20140304,8583.58,8595.59,8554.54,8554.54,1.727620655,-0.338320374
20140311,8694.96,8716.31,8684.63,8702.33,0.340253702,0.084761747
20140318,8747.38,8759.55,8713.51,8731.94,-0.488322183,-0.176509995
20140325,8589.19,8689.3,8589.19,8689.3,2.115820607,1.165534818
20140401,8847.34,8873.15,8826.16,8873.15,0.647120808,0.291726101
20140409,8912.39,8936.57,8912.39,8930.57,-0.075583081,0.203985687
20140416,8921.07,8968.56,8894.29,8923.82,0.370917387,0.030825899
20140423,9009.59,9022.28,8947.86,8956.92,-1.847510082,-0.584599299
20140430,8885.7,8890.09,8791.44,8791.44,1.58631578,-1.060805564
20140508,8925.21,8941.46,8891.74,8930.9,-0.56265326,0.063752001
20140515,8852.92,8880.65,8839.44,8880.65,1.001953686,0.313229985
20140522,8899.82,8969.63,8899.82,8969.63,1.553798763,0.784397887
20140529,9123.46,9131.66,9093.57,9109,0.279503787,-0.158492502
20140606,9167.83,9174.77,9122.56,9134.46,0.677982059,-0.36399017
20140613,9192.73,9207.74,9171.51,9196.39,0.841634598,0.03981407
20140620,9330.35,9339.83,9273.79,9273.79,0.356272894,-0.606193766
20140627,9316.89,9330.95,9303.57,9306.83,2.183557667,-0.107975945
20140704,9525.93,9550.11,9482.94,9510.05,-0.149420876,-0.166702884
20140711,9561.71,9591.27,9478.07,9495.84,-0.999069066,-0.688893514
20140718,9335.38,9421.34,9335.38,9400.97,0.204340616,0.702595931
20140728,9415.9,9460.43,9385.56,9420.18,-0.955289602,0.045455028
20140804,9280.29,9330.19,9258.18,9330.19,-1.68571058,0.537698714
20140811,9109.83,9184.96,9107.21,9172.91,-0.344492642,0.692438827
20140818,9222.73,9222.73,9128.66,9141.31,2.727289634,-0.882818862
20140825,9393.24,9409.35,9369.24,9390.62,1.303854272,-0.027892399
20140901,9474.41,9532.66,9472.96,9513.06,-0.822973891,0.407940969
20140909,9452.14,9465.93,9426.99,9434.77,-3.194248508,-0.183767909
20140916,9218.85,9219.42,9133.4,9133.4,-0.531018022,-0.9269052
20140923,9134.29,9147.21,9084.9,9084.9,-1.2986384,-0.540709787
20140930,8954.58,8998.83,8860.17,8966.92,0.824028763,0.137806575
20141007,9065.67,9074.8,8993.45,9040.81,-4.261786278,-0.274221321
20141015,8769.39,8776.91,8635.41,8655.51,1.078157151,-1.298607999
20141022,8744.91,8775.35,8729.77,8748.83,1.769950953,0.044826076
20141029,8821.85,8903.68,8821.85,8903.68,0.66174885,0.927583217
20141105,8997.76,9013.06,8941.18,8962.6,-0.487023855,-0.390763923
20141112,9030.13,9030.13,8894.11,8918.95,0.496583118,-1.231211511
20141119,8896.16,8988.64,8879.29,8963.24,1.775585614,0.754033201
20141126,9125.08,9146.04,9112.19,9122.39,0.579563031,-0.029479194
20141203,9073.47,9188.32,9045.2,9175.26,-1.559628828,1.12184203
20141210,9115.33,9140.49,9015.52,9032.16,-2.256381641,-0.912418969
20141217,8961.64,8972.12,8826.03,8828.36,4.05307441,-1.487227784
20141224,9096.48,9186.18,9096.48,9186.18,0.895366736,0.986095721
20141230,9299.1,9338.06,9262.7,9268.43,-0.32799514,-0.329816864
20150108,9154.03,9246.62,9154.03,9238.03,-0.789562277,0.917628629
20150115,9197.32,9219.43,9149.1,9165.09,2.230419996,-0.350428168
20150122,9336.81,9386.56,9336.81,9369.51,0.612518691,0.350226683
20150129,9479.36,9482.13,9403.75,9426.9,0.903266185,-0.553412889
20150205,9511.06,9517.42,9472.42,9512.05,-0.165474319,0.010408934
20150212,9496.39,9500.35,9447.19,9496.31,1.106219152,-0.000842425
20150302,9665.11,9690.43,9588.36,9601.36,-0.399735038,-0.659588975
20150309,9617.04,9617.04,9549.76,9562.98,-0.523581561,-0.562127224
20150316,9583.45,9590.76,9512.91,9512.91,2.577339636,-0.736060604
20150323,9759.88,9775.63,9729.81,9758.09,-2.42076062,-0.018340389
20150330,9533.38,9556.25,9503.53,9521.87,0.526157152,-0.120733675
20150408,9646.07,9654.67,9562,9571.97,-0.333369202,-0.768188495
20150415,9629.7,9654.15,9508.14,9540.06,0.764565422,-0.930870121
20150422,9549.61,9630.79,9549.61,9613,2.505253303,0.663796741
20150429,9934.82,9978.87,9842.5,9853.83,-1.519409204,-0.815213562
20150507,9789.82,9789.82,9704.11,9704.11,-0.961242195,-0.875501286
20150514,9730.33,9734.55,9600.24,9610.83,-0.335767046,-1.228118676
20150521,9647.53,9647.53,9536.16,9578.56,1.401880867,-0.71489801
20150528,9741.57,9766.21,9704.93,9712.84,-3.749778644,-0.29492166
20150604,9537.09,9558.77,9325.01,9348.63,-0.493548253,-1.976074463
20150611,9330.99,9358.48,9251.18,9302.49,-0.904274017,-0.305433829
20150618,9189.44,9243.84,9187.87,9218.37,2.649058348,0.314817878
20150626,9481.95,9489.91,9442.94,9462.57,-1.102660271,-0.204388338
20150703,9369.5,9369.5,9265.14,9358.23,-3.465505763,-0.1202839
20150713,8946.72,9041.88,8946.72,9033.92,-0.652208565,0.974658869
20150720,9085,9124.88,8952.64,8975,-4.660947075,-1.210787012
20150727,8733.24,8733.24,8553.09,8556.68,-0.377132252,-2.021700995
20150803,8636.53,8636.53,8482.92,8524.41,-0.675354658,-1.298206571
20150810,8410.63,8484.18,8374.08,8466.84,-2.99308833,0.668320922
20150817,8307.9,8308.54,8213.42,8213.42,-9.777656567,-1.137230828
20150824,7719.63,7719.63,7203.07,7410.34,10.3177452,-4.006539174
20150831,8026.62,8174.92,7961.77,8174.92,-2.304120407,1.847602104
20150907,7990.76,8053.2,7957.8,7986.56,4.015871664,-0.052560708
20150914,8332.57,8360.03,8259.31,8307.29,-0.003009405,-0.30338779
20150921,8404.5,8404.5,8285.43,8307.04,-1.514378166,-1.159616872
20150930,8097.15,8181.24,8059.68,8181.24,3.837926769,1.038513551
20151007,8398.53,8495.23,8385.04,8495.23,1.251172717,1.15139197
20151015,8573.38,8652.47,8573.38,8601.52,0.080683414,0.328225274
20151022,8600.4,8631.17,8594.21,8608.46,-0.434224008,0.093716571
20151029,8682.58,8704.59,8568.13,8571.08,3.256299089,-1.284180509
20151105,8858.73,8871.87,8828.04,8850.18,-4.769281529,-0.096514963
20151112,8426.76,8467.31,8374.07,8428.09,0.5826943,0.015783053
20151119,8382.09,8477.2,8357.2,8477.2,0.090831878,1.134681207
20151126,8411.16,8510.7,8411.16,8484.9,-0.339897936,0.876692394
20151203,8424.54,8484.52,8393.29,8456.06,-2.8369004,0.374145057
20151210,8214.27,8228.43,8133.42,8216.17,1.259711033,0.023130479
20151217,8214.62,8319.67,8214.62,8319.67,0.056372428,1.278817523
20151224,8351.2,8393.41,8324.36,8324.36,0.164577217,-0.321390938
20151231,8273.77,8338.06,8258.73,8338.06,-5.326059059,0.777033928
20160108,7811.2,7906.55,7788.71,7893.97,-1.671655707,1.059632323
20160115,7809,7842.34,7708.66,7762.01,-0.075109411,-0.60174158
20160122,7729.01,7774.12,7706.14,7756.18,4.182729127,0.351532732
20160129,7880.78,8080.6,7876.82,8080.6,-0.17436824,2.535535823
20160215,7976.65,8074.8,7953.99,8066.51,3.225310574,1.126538083
20160222,8315.79,8396.62,8296.18,8326.68,1.90964466,0.130955688
20160301,8381.38,8489.01,8378.06,8485.69,2.104955519,1.244544454
20160308,8655.86,8668.51,8575.7,8664.31,-0.613205206,0.097621727
20160315,8745.57,8759.94,8589.41,8611.18,2.026435401,-1.536663705
20160322,8806.02,8814.37,8713.24,8785.68,-1.915958696,-0.230978353
20160329,8687.06,8711.11,8585.71,8617.35,-1.474931388,-0.802457909
20160407,8523.25,8529.44,8436.54,8490.25,2.090162245,-0.387176253
20160414,8684.93,8719.15,8653.84,8667.71,-1.142862417,-0.198274482
20160421,8549.14,8568.65,8508.92,8568.65,-1.106125236,0.228210089
20160428,8586.92,8595.99,8456.38,8473.87,-3.864114035,-1.316537245
20160506,8169.54,8170.68,8104.16,8146.43,-1.138412777,-0.282880064
20160513,8095.93,8095.93,7999.98,8053.69,0.963160986,-0.521743642
20160520,8108.68,8165.98,8080.65,8131.26,4.087312421,0.278467025
20160527,8415.59,8463.61,8415.59,8463.61,1.462142041,0.570607646
20160603,8565.18,8601.05,8559.77,8587.36,-0.595526448,0.258955445
20160613,8634.24,8634.24,8520.21,8536.22,1.050816404,-1.135247572
20160620,8612.26,8642.15,8604.81,8625.92,-1.936605023,0.158611096
20160627,8406.29,8468.66,8386.27,8458.87,3.566788472,0.625484013
20160704,8728.32,8782.38,8712.12,8760.58,0.923226544,0.369601481
20160712,8794.73,8841.46,8794.3,8841.46,2.187534638,0.531340928
20160719,9018.8,9034.87,8972.83,9034.87,-0.111567737,0.17818335
20160726,8983.55,9024.79,8960.48,9024.79,0.487213553,0.459061284
20160802,9081.06,9086.42,9052.71,9068.76,0.951839061,-0.135446743
20160809,9154,9168.34,9127.63,9155.08,-0.488471974,0.011798121
20160816,9146.09,9165.58,9082.34,9110.36,-0.871864559,-0.390658741
20160823,8987.07,9046.3,8986.76,9030.93,0.881747506,0.488034476
20160830,9113.34,9134.37,9093.87,9110.56,0.782498551,-0.030504733
20160906,9102.83,9181.85,9098.6,9181.85,-2.557109951,0.868081684
20160912,9031.51,9031.51,8947.06,8947.06,3.145614314,-0.935059586
20160921,9141.92,9228.5,9133.16,9228.5,-0.668039226,0.947065824
20160930,9240.44,9240.65,9160.91,9166.85,1.079542046,-0.796390648
20161007,9289.66,9289.95,9249.06,9265.81,-0.966887946,-0.25673706
20161017,9150.67,9182.67,9074.99,9176.22,1.594120455,0.279214527
20161024,9333.94,9343.57,9308.53,9322.5,-0.347331724,-0.122563462
20161031,9283.2,9314.34,9194.48,9290.12,-1.079426315,0.074543261
20161107,9102.97,9191.67,9102.97,9189.84,-2.714301881,0.954303925
20161114,8955.27,8991.94,8879.69,8940.4,1.126459666,-0.166047478
20161121,9009.78,9049.76,8986.4,9041.11,2.003404449,0.347733241
20161128,9167.33,9241.54,9167.33,9222.24,-0.667733653,0.598974838
20161205,9194.46,9212.19,9138.64,9160.66,2.309440586,-0.367612671
20170106,9371.41,9381.11,9351.25,9372.22,0.07052758,0.00864331
20170113,9373.7,9387.68,9352.08,9378.83,-0.505073661,0.054727589
20170120,9326.8,9350.07,9317.62,9331.46,2.213479991,0.049963546
20170206,9467.67,9548.68,9467.67,9538.01,1.806561327,0.742949427
20170213,9690.39,9711.43,9681.1,9710.32,0.716763196,0.205667677
20170218,9771.21,9791.35,9770.75,9779.92,-0.301127208,0.089139421
20170224,9757.67,9784.39,9740.18,9750.47,-0.127173357,-0.073788107
20170307,9690.26,9738.07,9690.2,9738.07,0.063051508,0.493382015
20170314,9720.53,9767.66,9720.53,9744.21,2.342724551,0.243608116
20170321,9923.18,9976.61,9918.39,9972.49,-0.963049349,0.496917319
20170328,9909.99,9924.14,9799.28,9876.45,0.21617079,-0.338446356
20170406,9946.66,9946.66,9879.85,9897.8,-0.617510962,-0.491220168
20170413,9808.83,9868.45,9800.8,9836.68,-2.073768792,0.283927849
20170420,9639.93,9664.24,9622.25,9632.69,2.366213384,-0.07510428
20170427,9859.45,9863.52,9823.85,9860.62,0.398757887,0.011866788
20170505,9954.94,9960.99,9899.94,9899.94,0.877581076,-0.552489518
20170512,9981.77,10008.25,9961.37,9986.82,-0.392517338,0.05059223
20170519,9970.4,9979.73,9947.14,9947.62,,-0.22847629
